Timestamp,URL,Status Code,Status
2025-03-01 22:25:53,https://analitica.auvp.com.br/acoes/HAPV3,200,UP
2025-03-01 22:25:53,https://analitica.auvp.com.br/acoes/HAPV3,200,UP
2025-03-01 22:26:02,https://analitica.auvp.com.br/acoes/COGN3,200,UP
2025-03-01 22:26:02,https://analitica.auvp.com.br/acoes/COGN3,200,UP
2025-03-01 22:26:08,https://analitica.auvp.com.br/acoes/CRFB3,200,UP
2025-03-01 22:26:08,https://analitica.auvp.com.br/acoes/CRFB3,200,UP
2025-03-01 22:26:13,https://analitica.auvp.com.br/acoes/BBDC4,200,UP
2025-03-01 22:26:13,https://analitica.auvp.com.br/acoes/BBDC4,200,UP
2025-03-01 22:26:17,https://analitica.auvp.com.br/acoes/MGLU3,200,UP
2025-03-01 22:26:19,https://analitica.auvp.com.br/acoes/MGLU3,200,UP
2025-03-01 22:26:23,https://analitica.auvp.com.br/acoes/B3SA3,200,UP
2025-03-01 22:26:23,https://analitica.auvp.com.br/acoes/B3SA3,200,UP
2025-03-01 22:26:29,https://analitica.auvp.com.br/acoes/VALE3,200,UP
2025-03-01 22:26:29,https://analitica.auvp.com.br/acoes/VALE3,200,UP
2025-03-01 22:26:34,https://analitica.auvp.com.br/acoes/ABEV3,200,UP
2025-03-01 22:26:34,https://analitica.auvp.com.br/acoes/ABEV3,200,UP
2025-03-01 22:26:40,https://analitica.auvp.com.br/acoes/JBSS3,200,UP
2025-03-01 22:26:40,https://analitica.auvp.com.br/acoes/JBSS3,200,UP
2025-03-01 22:26:46,https://analitica.auvp.com.br/acoes/BBAS3,200,UP
2025-03-01 22:26:46,https://analitica.auvp.com.br/acoes/BBAS3,200,UP
2025-03-01 22:26:54,https://analitica.auvp.com.br/acoes/PRIO3,200,UP
2025-03-01 22:26:54,https://analitica.auvp.com.br/acoes/PRIO3,200,UP
2025-03-01 22:26:59,https://analitica.auvp.com.br/acoes/ITSA4,200,UP
2025-03-01 22:26:59,https://analitica.auvp.com.br/acoes/ITSA4,200,UP
2025-03-01 22:27:05,https://analitica.auvp.com.br/acoes/CSAN3,200,UP
2025-03-01 22:27:05,https://analitica.auvp.com.br/acoes/CSAN3,200,UP
2025-03-01 22:27:11,https://analitica.auvp.com.br/acoes/CVCB3,200,UP
2025-03-01 22:27:11,https://analitica.auvp.com.br/acoes/CVCB3,200,UP
2025-03-01 22:27:14,https://analitica.auvp.com.br/acoes/PCAR3,200,UP
2025-03-01 22:27:14,https://analitica.auvp.com.br/acoes/PCAR3,200,UP
2025-03-01 22:27:17,https://analitica.auvp.com.br/acoes/VBBR3,200,UP
2025-03-01 22:27:17,https://analitica.auvp.com.br/acoes/VBBR3,200,UP
2025-03-01 22:27:20,https://analitica.auvp.com.br/acoes/PETR4,200,UP
2025-03-01 22:27:20,https://analitica.auvp.com.br/acoes/PETR4,200,UP
2025-03-01 22:27:24,https://analitica.auvp.com.br/acoes/ASAI3,200,UP
2025-03-01 22:27:24,https://analitica.auvp.com.br/acoes/ASAI3,200,UP
2025-03-01 22:27:27,https://analitica.auvp.com.br/acoes/ITUB4,200,UP
2025-03-01 22:27:27,https://analitica.auvp.com.br/acoes/ITUB4,200,UP
2025-03-01 22:27:30,https://analitica.auvp.com.br/acoes/RENT3,200,UP
2025-03-01 22:27:30,https://analitica.auvp.com.br/acoes/RENT3,200,UP
2025-03-01 22:27:33,https://analitica.auvp.com.br/acoes/LREN3,200,UP
2025-03-01 22:27:33,https://analitica.auvp.com.br/acoes/LREN3,200,UP
2025-03-01 22:27:37,https://analitica.auvp.com.br/acoes/CSNA3,200,UP
2025-03-01 22:27:37,https://analitica.auvp.com.br/acoes/CSNA3,200,UP
2025-03-01 22:27:43,https://analitica.auvp.com.br/acoes/AZUL4,200,UP
2025-03-01 22:27:46,https://analitica.auvp.com.br/acoes/USIM5,200,UP
2025-03-01 22:27:46,https://analitica.auvp.com.br/acoes/USIM5,200,UP
2025-03-01 22:27:49,https://analitica.auvp.com.br/acoes/CPLE6,200,UP
2025-03-01 22:27:49,https://analitica.auvp.com.br/acoes/CPLE6,200,UP
2025-03-01 22:27:53,https://analitica.auvp.com.br/acoes/LWSA3,200,UP
2025-03-01 22:27:53,https://analitica.auvp.com.br/acoes/LWSA3,200,UP
2025-03-01 22:27:55,https://analitica.auvp.com.br/acoes/AMOB3,200,UP
2025-03-01 22:27:56,https://analitica.auvp.com.br/acoes/AMOB3,200,UP
2025-03-01 22:28:00,https://analitica.auvp.com.br/acoes/TIMS3,200,UP
2025-03-01 22:28:00,https://analitica.auvp.com.br/acoes/TIMS3,200,UP
2025-03-01 22:28:03,https://analitica.auvp.com.br/acoes/NTCO3,200,UP
2025-03-01 22:28:03,https://analitica.auvp.com.br/acoes/NTCO3,200,UP
2025-03-01 22:28:05,https://analitica.auvp.com.br/acoes/BRFS3,200,UP
2025-03-01 22:28:05,https://analitica.auvp.com.br/acoes/BRFS3,200,UP
2025-03-01 22:28:09,https://analitica.auvp.com.br/acoes/BBDC3,200,UP
2025-03-01 22:28:09,https://analitica.auvp.com.br/acoes/BBDC3,200,UP
2025-03-01 22:28:13,https://analitica.auvp.com.br/acoes/BRAV3,200,UP
2025-03-01 22:28:13,https://analitica.auvp.com.br/acoes/BRAV3,200,UP
2025-03-01 22:28:16,https://analitica.auvp.com.br/acoes/AZEV4,200,UP
2025-03-01 22:28:16,https://analitica.auvp.com.br/acoes/AZEV4,200,UP
2025-03-01 22:28:19,https://analitica.auvp.com.br/acoes/VIVA3,200,UP
2025-03-01 22:28:19,https://analitica.auvp.com.br/acoes/VIVA3,200,UP
2025-03-01 22:28:22,https://analitica.auvp.com.br/acoes/PETZ3,200,UP
2025-03-01 22:28:22,https://analitica.auvp.com.br/acoes/PETZ3,200,UP
2025-03-01 22:28:25,https://analitica.auvp.com.br/acoes/RADL3,200,UP
2025-03-01 22:28:25,https://analitica.auvp.com.br/acoes/RADL3,200,UP
2025-03-01 22:28:28,https://analitica.auvp.com.br/acoes/POMO4,200,UP
2025-03-01 22:28:32,https://analitica.auvp.com.br/acoes/CCRO3,200,UP
2025-03-01 22:28:32,https://analitica.auvp.com.br/acoes/CCRO3,200,UP
2025-03-01 22:28:36,https://analitica.auvp.com.br/acoes/SUZB3,200,UP
2025-03-01 22:28:36,https://analitica.auvp.com.br/acoes/SUZB3,200,UP
2025-03-01 22:28:39,https://analitica.auvp.com.br/acoes/ONCO3,200,UP
2025-03-01 22:28:39,https://analitica.auvp.com.br/acoes/ONCO3,200,UP
2025-03-01 22:28:44,https://analitica.auvp.com.br/acoes/ELET3,200,UP
2025-03-01 22:28:44,https://analitica.auvp.com.br/acoes/ELET3,200,UP
2025-03-01 22:28:48,https://analitica.auvp.com.br/acoes/GFSA3,200,UP
2025-03-01 22:28:48,https://analitica.auvp.com.br/acoes/GFSA3,200,UP
2025-03-01 22:28:51,https://analitica.auvp.com.br/acoes/RAIL3,200,UP
2025-03-01 22:28:51,https://analitica.auvp.com.br/acoes/RAIL3,200,UP
2025-03-01 22:28:54,https://analitica.auvp.com.br/acoes/UGPA3,200,UP
2025-03-01 22:28:54,https://analitica.auvp.com.br/acoes/UGPA3,200,UP
2025-03-01 22:28:57,https://analitica.auvp.com.br/acoes/BEEF3,200,UP
2025-03-01 22:29:00,https://analitica.auvp.com.br/acoes/MRFG3,200,UP
2025-03-01 22:29:00,https://analitica.auvp.com.br/acoes/MRFG3,200,UP
2025-03-01 22:29:03,https://analitica.auvp.com.br/acoes/BPAC11,200,UP
2025-03-01 22:29:03,https://analitica.auvp.com.br/acoes/BPAC11,200,UP
2025-03-01 22:29:06,https://analitica.auvp.com.br/acoes/CMIG4,200,UP
2025-03-01 22:29:06,https://analitica.auvp.com.br/acoes/CMIG4,200,UP
2025-03-01 22:29:10,https://analitica.auvp.com.br/acoes/MRVE3,200,UP
2025-03-01 22:29:10,https://analitica.auvp.com.br/acoes/MRVE3,200,UP
2025-03-01 22:29:12,https://analitica.auvp.com.br/acoes/GOAU4,200,UP
2025-03-01 22:29:12,https://analitica.auvp.com.br/acoes/GOAU4,200,UP
2025-03-01 22:29:16,https://analitica.auvp.com.br/acoes/HYPE3,200,UP
2025-03-01 22:29:21,https://analitica.auvp.com.br/acoes/CMIN3,200,UP
2025-03-01 22:29:21,https://analitica.auvp.com.br/acoes/CMIN3,200,UP
2025-03-01 22:29:24,https://analitica.auvp.com.br/acoes/RAIZ4,200,UP
2025-03-01 22:29:26,https://analitica.auvp.com.br/acoes/GGBR4,200,UP
2025-03-01 22:29:26,https://analitica.auvp.com.br/acoes/GGBR4,200,UP
2025-03-01 22:29:29,https://analitica.auvp.com.br/acoes/MOVI3,200,UP
2025-03-01 22:29:29,https://analitica.auvp.com.br/acoes/MOVI3,200,UP
2025-03-01 22:29:33,https://analitica.auvp.com.br/acoes/ANIM3,200,UP
2025-03-01 22:29:33,https://analitica.auvp.com.br/acoes/ANIM3,200,UP
2025-03-01 22:29:36,https://analitica.auvp.com.br/acoes/WEGE3,200,UP
2025-03-01 22:29:36,https://analitica.auvp.com.br/acoes/WEGE3,200,UP
2025-03-01 22:29:39,https://analitica.auvp.com.br/acoes/TOTS3,200,UP
2025-03-01 22:29:39,https://analitica.auvp.com.br/acoes/TOTS3,200,UP
2025-03-01 22:29:42,https://analitica.auvp.com.br/acoes/RDOR3,200,UP
2025-03-01 22:29:42,https://analitica.auvp.com.br/acoes/RDOR3,200,UP
2025-03-01 22:29:45,https://analitica.auvp.com.br/acoes/EMBR3,200,UP
2025-03-01 22:29:46,https://analitica.auvp.com.br/acoes/EMBR3,200,UP
2025-03-01 22:29:47,https://analitica.auvp.com.br/acoes/BBSE3,200,UP
2025-03-01 22:29:49,https://analitica.auvp.com.br/acoes/BBSE3,200,UP
2025-03-01 22:29:50,https://analitica.auvp.com.br/acoes/CXSE3,200,UP
2025-03-01 22:29:51,https://analitica.auvp.com.br/acoes/CXSE3,200,UP
2025-03-01 22:29:52,https://analitica.auvp.com.br/acoes/ENEV3,200,UP
2025-03-01 22:29:53,https://analitica.auvp.com.br/acoes/ENEV3,200,UP
2025-03-01 22:29:55,https://analitica.auvp.com.br/acoes/RCSL4,200,UP
2025-03-01 22:29:55,https://analitica.auvp.com.br/acoes/RCSL4,200,UP
2025-03-01 22:29:58,https://analitica.auvp.com.br/acoes/GMAT3,200,UP
2025-03-01 22:29:58,https://analitica.auvp.com.br/acoes/GMAT3,200,UP
2025-03-01 22:30:02,https://analitica.auvp.com.br/acoes/PETR3,200,UP
2025-03-01 22:30:02,https://analitica.auvp.com.br/acoes/PETR3,200,UP
2025-03-01 22:30:05,https://analitica.auvp.com.br/acoes/ALOS3,200,UP
2025-03-01 22:30:06,https://analitica.auvp.com.br/acoes/ALOS3,200,UP
2025-03-01 22:30:08,https://analitica.auvp.com.br/acoes/VAMO3,200,UP
2025-03-01 22:30:08,https://analitica.auvp.com.br/acoes/VAMO3,200,UP
2025-03-01 22:30:10,https://analitica.auvp.com.br/acoes/IFCM3,200,UP
2025-03-01 22:30:10,https://analitica.auvp.com.br/acoes/IFCM3,200,UP
2025-03-01 22:30:13,https://analitica.auvp.com.br/acoes/KLBN11,200,UP
2025-03-01 22:30:13,https://analitica.auvp.com.br/acoes/KLBN11,200,UP
2025-03-01 22:30:17,https://analitica.auvp.com.br/acoes/SIMH3,200,UP
2025-03-01 22:30:17,https://analitica.auvp.com.br/acoes/SIMH3,200,UP
2025-03-01 22:30:21,https://analitica.auvp.com.br/acoes/CPLE3,200,UP
2025-03-01 22:30:21,https://analitica.auvp.com.br/acoes/CPLE3,200,UP
2025-03-01 22:30:26,https://analitica.auvp.com.br/acoes/QUAL3,200,UP
2025-03-01 22:30:26,https://analitica.auvp.com.br/acoes/QUAL3,200,UP
2025-03-01 22:30:29,https://analitica.auvp.com.br/acoes/PSSA3,200,UP
2025-03-01 22:30:29,https://analitica.auvp.com.br/acoes/PSSA3,200,UP
2025-03-01 22:30:32,https://analitica.auvp.com.br/acoes/YDUQ3,200,UP
2025-03-01 22:30:32,https://analitica.auvp.com.br/acoes/YDUQ3,200,UP
2025-03-01 22:30:35,https://analitica.auvp.com.br/acoes/CYRE3,200,UP
2025-03-01 22:30:35,https://analitica.auvp.com.br/acoes/CYRE3,200,UP
2025-03-01 22:30:39,https://analitica.auvp.com.br/acoes/LJQQ3,200,UP
2025-03-01 22:30:39,https://analitica.auvp.com.br/acoes/LJQQ3,200,UP
2025-03-01 22:30:42,https://analitica.auvp.com.br/acoes/FLRY3,200,UP
2025-03-01 22:30:42,https://analitica.auvp.com.br/acoes/FLRY3,200,UP
2025-03-01 22:30:45,https://analitica.auvp.com.br/acoes/MULT3,200,UP
2025-03-01 22:30:45,https://analitica.auvp.com.br/acoes/MULT3,200,UP
2025-03-01 22:30:47,https://analitica.auvp.com.br/acoes/SLCE3,200,UP
2025-03-01 22:30:47,https://analitica.auvp.com.br/acoes/SLCE3,200,UP
2025-03-01 22:30:50,https://analitica.auvp.com.br/acoes/STBP3,200,UP
2025-03-01 22:30:50,https://analitica.auvp.com.br/acoes/STBP3,200,UP
2025-03-01 22:30:53,https://analitica.auvp.com.br/acoes/EQTL3,200,UP
2025-03-01 22:30:53,https://analitica.auvp.com.br/acoes/EQTL3,200,UP
2025-03-01 22:30:55,https://analitica.auvp.com.br/acoes/SMFT3,200,UP
2025-03-01 22:30:56,https://analitica.auvp.com.br/acoes/SMFT3,200,UP
2025-03-01 22:30:58,https://analitica.auvp.com.br/acoes/GOLL4,200,UP
2025-03-01 22:30:59,https://analitica.auvp.com.br/acoes/GOLL4,200,UP
2025-03-01 22:31:00,https://analitica.auvp.com.br/acoes/BRKM5,200,UP
2025-03-01 22:31:02,https://analitica.auvp.com.br/acoes/BRKM5,200,UP
2025-03-01 22:31:04,https://analitica.auvp.com.br/acoes/RAPT4,200,UP
2025-03-01 22:31:04,https://analitica.auvp.com.br/acoes/RAPT4,200,UP
2025-03-01 22:31:07,https://analitica.auvp.com.br/acoes/BRAP4,200,UP
2025-03-01 22:31:07,https://analitica.auvp.com.br/acoes/BRAP4,200,UP
2025-03-01 22:31:11,https://analitica.auvp.com.br/acoes/ISAE4,200,UP
2025-03-01 22:31:11,https://analitica.auvp.com.br/acoes/ISAE4,200,UP
2025-03-01 22:31:14,https://analitica.auvp.com.br/acoes/CAML3,200,UP
2025-03-01 22:31:14,https://analitica.auvp.com.br/acoes/CAML3,200,UP
2025-03-01 22:31:17,https://analitica.auvp.com.br/acoes/HBSA3,200,UP
2025-03-01 22:31:17,https://analitica.auvp.com.br/acoes/HBSA3,200,UP
2025-03-01 22:31:20,https://analitica.auvp.com.br/acoes/SRNA3,200,UP
2025-03-01 22:31:20,https://analitica.auvp.com.br/acoes/SRNA3,200,UP
2025-03-01 22:31:24,https://analitica.auvp.com.br/acoes/OIBR3,200,UP
2025-03-01 22:31:24,https://analitica.auvp.com.br/acoes/OIBR3,200,UP
2025-03-01 22:31:27,https://analitica.auvp.com.br/acoes/SANB11,200,UP
2025-03-01 22:31:27,https://analitica.auvp.com.br/acoes/SANB11,200,UP
2025-03-01 22:31:29,https://analitica.auvp.com.br/acoes/CEAB3,200,UP
2025-03-01 22:31:30,https://analitica.auvp.com.br/acoes/CEAB3,200,UP
2025-03-01 22:31:31,https://analitica.auvp.com.br/acoes/SBSP3,200,UP
2025-03-01 22:31:33,https://analitica.auvp.com.br/acoes/SBSP3,200,UP
2025-03-01 22:31:34,https://analitica.auvp.com.br/acoes/AURE3,200,UP
2025-03-01 22:31:35,https://analitica.auvp.com.br/acoes/AURE3,200,UP
2025-03-01 22:31:37,https://analitica.auvp.com.br/acoes/RNEW4,200,UP
2025-03-01 22:31:39,https://analitica.auvp.com.br/acoes/RNEW4,200,UP
2025-03-01 22:31:41,https://analitica.auvp.com.br/acoes/AMER3,200,UP
2025-03-01 22:31:42,https://analitica.auvp.com.br/acoes/AMER3,200,UP
2025-03-01 22:31:45,https://analitica.auvp.com.br/acoes/VIVT3,200,UP
2025-03-01 22:31:47,https://analitica.auvp.com.br/acoes/VIVT3,200,UP
2025-03-01 22:31:49,https://analitica.auvp.com.br/acoes/CBAV3,200,UP
2025-03-01 22:31:52,https://analitica.auvp.com.br/acoes/CBAV3,200,UP
2025-03-01 22:31:53,https://analitica.auvp.com.br/acoes/SMTO3,200,UP
2025-03-01 22:31:56,https://analitica.auvp.com.br/acoes/SMTO3,200,UP
2025-03-01 22:31:58,https://analitica.auvp.com.br/acoes/TEND3,200,UP
2025-03-01 22:31:59,https://analitica.auvp.com.br/acoes/TEND3,200,UP
2025-03-01 22:32:02,https://analitica.auvp.com.br/acoes/VVEO3,200,UP
2025-03-01 22:32:04,https://analitica.auvp.com.br/acoes/VVEO3,200,UP
2025-03-01 22:32:10,https://analitica.auvp.com.br/acoes/BHIA3,200,UP
2025-03-01 22:32:10,https://analitica.auvp.com.br/acoes/BHIA3,200,UP
2025-03-01 22:32:16,https://analitica.auvp.com.br/acoes/ALPA4,200,UP
2025-03-01 22:32:16,https://analitica.auvp.com.br/acoes/ALPA4,200,UP
2025-03-01 22:32:21,https://analitica.auvp.com.br/acoes/CLSA3,200,UP
2025-03-01 22:32:21,https://analitica.auvp.com.br/acoes/CLSA3,200,UP
2025-03-01 22:32:26,https://analitica.auvp.com.br/acoes/RECV3,200,UP
2025-03-01 22:32:26,https://analitica.auvp.com.br/acoes/RECV3,200,UP
2025-03-01 22:32:30,https://analitica.auvp.com.br/acoes/EZTC3,200,UP
2025-03-01 22:32:30,https://analitica.auvp.com.br/acoes/EZTC3,200,UP
2025-03-01 22:32:36,https://analitica.auvp.com.br/acoes/IGTI11,200,UP
2025-03-01 22:32:36,https://analitica.auvp.com.br/acoes/IGTI11,200,UP
2025-03-01 22:32:41,https://analitica.auvp.com.br/acoes/IGTI11,200,UP
2025-03-01 22:32:41,https://analitica.auvp.com.br/acoes/IGTI11,200,UP
2025-03-01 22:32:44,https://analitica.auvp.com.br/acoes/TAEE11,200,UP
2025-03-01 22:32:44,https://analitica.auvp.com.br/acoes/TAEE11,200,UP
2025-03-01 22:32:47,https://analitica.auvp.com.br/acoes/ENGI11,200,UP
2025-03-01 22:32:47,https://analitica.auvp.com.br/acoes/ENGI11,200,UP
2025-03-01 22:32:53,https://analitica.auvp.com.br/acoes/ECOR3,200,UP
2025-03-01 22:32:53,https://analitica.auvp.com.br/acoes/ECOR3,200,UP
2025-03-01 22:32:58,https://analitica.auvp.com.br/acoes/JHSF3,200,UP
2025-03-01 22:33:03,https://analitica.auvp.com.br/acoes/JHSF3,200,UP
2025-03-01 22:33:06,https://analitica.auvp.com.br/acoes/IRBR3,200,UP
2025-03-01 22:33:07,https://analitica.auvp.com.br/acoes/IRBR3,200,UP
2025-03-01 22:33:08,https://analitica.auvp.com.br/acoes/BRSR6,200,UP
2025-03-01 22:33:10,https://analitica.auvp.com.br/acoes/BRSR6,200,UP
2025-03-01 22:33:10,https://analitica.auvp.com.br/acoes/AZZA3,200,UP
2025-03-01 22:33:12,https://analitica.auvp.com.br/acoes/AZZA3,200,UP
2025-03-01 22:33:13,https://analitica.auvp.com.br/acoes/JALL3,200,UP
2025-03-01 22:33:15,https://analitica.auvp.com.br/acoes/JALL3,200,UP
2025-03-01 22:33:16,https://analitica.auvp.com.br/acoes/SBFG3,200,UP
2025-03-01 22:33:18,https://analitica.auvp.com.br/acoes/SBFG3,200,UP
2025-03-01 22:33:19,https://analitica.auvp.com.br/acoes/BPAN4,200,UP
2025-03-01 22:33:20,https://analitica.auvp.com.br/acoes/BPAN4,200,UP
2025-03-01 22:33:21,https://analitica.auvp.com.br/acoes/GGPS3,200,UP
2025-03-01 22:33:22,https://analitica.auvp.com.br/acoes/GGPS3,200,UP
2025-03-01 22:33:24,https://analitica.auvp.com.br/acoes/PDGR3,200,UP
2025-03-01 22:33:25,https://analitica.auvp.com.br/acoes/PDGR3,200,UP
2025-03-01 22:33:27,https://analitica.auvp.com.br/acoes/ELET6,200,UP
2025-03-01 22:33:28,https://analitica.auvp.com.br/acoes/ELET6,200,UP
2025-03-01 22:33:29,https://analitica.auvp.com.br/acoes/RCSL3,200,UP
2025-03-01 22:33:31,https://analitica.auvp.com.br/acoes/RCSL3,200,UP
2025-03-01 22:33:32,https://analitica.auvp.com.br/acoes/NEOE3,200,UP
2025-03-01 22:33:34,https://analitica.auvp.com.br/acoes/NEOE3,200,UP
2025-03-01 22:33:35,https://analitica.auvp.com.br/acoes/EVEN3,200,UP
2025-03-01 22:33:37,https://analitica.auvp.com.br/acoes/EVEN3,200,UP
2025-03-01 22:33:38,https://analitica.auvp.com.br/acoes/AZEV3,200,UP
2025-03-01 22:33:40,https://analitica.auvp.com.br/acoes/AZEV3,200,UP
2025-03-01 22:33:41,https://analitica.auvp.com.br/acoes/CURY3,200,UP
2025-03-01 22:33:42,https://analitica.auvp.com.br/acoes/CURY3,200,UP
2025-03-01 22:33:43,https://analitica.auvp.com.br/acoes/CPFE3,200,UP
2025-03-01 22:33:45,https://analitica.auvp.com.br/acoes/CPFE3,200,UP
2025-03-01 22:33:47,https://analitica.auvp.com.br/acoes/ABCB4,200,UP
2025-03-01 22:33:48,https://analitica.auvp.com.br/acoes/ABCB4,200,UP
2025-03-01 22:33:50,https://analitica.auvp.com.br/acoes/ALUP11,200,UP
2025-03-01 22:33:51,https://analitica.auvp.com.br/acoes/ALUP11,200,UP
2025-03-01 22:33:53,https://analitica.auvp.com.br/acoes/EGIE3,200,UP
2025-03-01 22:33:53,https://analitica.auvp.com.br/acoes/EGIE3,200,UP
2025-03-01 22:33:56,https://analitica.auvp.com.br/acoes/ODPV3,200,UP
2025-03-01 22:33:57,https://analitica.auvp.com.br/acoes/ODPV3,200,UP
2025-03-01 22:34:00,https://analitica.auvp.com.br/acoes/CSMG3,200,UP
2025-03-01 22:34:00,https://analitica.auvp.com.br/acoes/CSMG3,200,UP
2025-03-01 22:34:02,https://analitica.auvp.com.br/acoes/CASH3,200,UP
2025-03-01 22:34:02,https://analitica.auvp.com.br/acoes/CASH3,200,UP
2025-03-01 22:34:12,https://analitica.auvp.com.br/acoes/PLPL3,200,UP
2025-03-01 22:34:14,https://analitica.auvp.com.br/acoes/SAPR4,200,UP
2025-03-01 22:34:16,https://analitica.auvp.com.br/acoes/TTEN3,200,UP
2025-03-01 22:34:18,https://analitica.auvp.com.br/acoes/RANI3,200,UP
2025-03-01 22:34:21,https://analitica.auvp.com.br/acoes/MATD3,200,UP
2025-03-01 22:34:21,https://analitica.auvp.com.br/acoes/PLPL3,200,UP
2025-03-01 22:34:24,https://analitica.auvp.com.br/acoes/DIRR3,200,UP
2025-03-01 22:34:24,https://analitica.auvp.com.br/acoes/SAPR4,200,UP
2025-03-01 22:34:28,https://analitica.auvp.com.br/acoes/GRND3,200,UP
2025-03-01 22:34:28,https://analitica.auvp.com.br/acoes/TTEN3,200,UP
2025-03-01 22:34:31,https://analitica.auvp.com.br/acoes/MLAS3,200,UP
2025-03-01 22:34:31,https://analitica.auvp.com.br/acoes/RANI3,200,UP
2025-03-01 22:34:34,https://analitica.auvp.com.br/acoes/DXCO3,200,UP
2025-03-01 22:34:34,https://analitica.auvp.com.br/acoes/MATD3,200,UP
2025-03-01 22:34:39,https://analitica.auvp.com.br/acoes/DIRR3,200,UP
2025-03-01 22:34:39,https://analitica.auvp.com.br/acoes/PGMN3,200,UP
2025-03-01 22:34:42,https://analitica.auvp.com.br/acoes/VULC3,200,UP
2025-03-01 22:34:42,https://analitica.auvp.com.br/acoes/GRND3,200,UP
2025-03-01 22:34:45,https://analitica.auvp.com.br/acoes/ARML3,200,UP
2025-03-01 22:34:45,https://analitica.auvp.com.br/acoes/MLAS3,200,UP
2025-03-01 22:34:49,https://analitica.auvp.com.br/acoes/KLBN4,200,UP
2025-03-01 22:34:49,https://analitica.auvp.com.br/acoes/DXCO3,200,UP
2025-03-01 22:34:53,https://analitica.auvp.com.br/acoes/KEPL3,200,UP
2025-03-01 22:34:53,https://analitica.auvp.com.br/acoes/PGMN3,200,UP
2025-03-01 22:34:56,https://analitica.auvp.com.br/acoes/VULC3,200,UP
2025-03-01 22:34:56,https://analitica.auvp.com.br/acoes/MDIA3,200,UP
2025-03-01 22:34:59,https://analitica.auvp.com.br/acoes/ARML3,200,UP
2025-03-01 22:34:59,https://analitica.auvp.com.br/acoes/MTRE3,200,UP
2025-03-01 22:35:02,https://analitica.auvp.com.br/acoes/KLBN4,200,UP
2025-03-01 22:35:02,https://analitica.auvp.com.br/acoes/MILS3,200,UP
2025-03-01 22:35:04,https://analitica.auvp.com.br/acoes/KEPL3,200,UP
2025-03-01 22:35:06,https://analitica.auvp.com.br/acoes/RNEW3,200,UP
2025-03-01 22:35:07,https://analitica.auvp.com.br/acoes/MDIA3,200,UP
2025-03-01 22:35:09,https://analitica.auvp.com.br/acoes/INTB3,200,UP
2025-03-01 22:35:10,https://analitica.auvp.com.br/acoes/MTRE3,200,UP
2025-03-01 22:35:11,https://analitica.auvp.com.br/acoes/FIQE3,200,UP
2025-03-01 22:35:13,https://analitica.auvp.com.br/acoes/FRAS3,200,UP
2025-03-01 22:35:13,https://analitica.auvp.com.br/acoes/MILS3,200,UP
2025-03-01 22:35:17,https://analitica.auvp.com.br/acoes/RNEW3,200,UP
2025-03-01 22:35:17,https://analitica.auvp.com.br/acoes/LAVV3,200,UP
2025-03-01 22:35:19,https://analitica.auvp.com.br/acoes/INTB3,200,UP
2025-03-01 22:35:22,https://analitica.auvp.com.br/acoes/FIQE3,200,UP
2025-03-01 22:35:24,https://analitica.auvp.com.br/acoes/FRAS3,200,UP
2025-03-01 22:35:26,https://analitica.auvp.com.br/acoes/LAVV3,200,UP
2025-03-01 22:37:18,https://analitica.auvp.com.br/acoes/SEER3,200,UP
2025-03-01 22:37:27,https://analitica.auvp.com.br/acoes/SEER3,200,UP
2025-03-01 22:38:17,https://analitica.auvp.com.br/acoes/LAND3,200,UP
2025-03-01 22:38:19,https://analitica.auvp.com.br/acoes/BOBR4,200,UP
2025-03-01 22:38:21,https://analitica.auvp.com.br/acoes/ITUB3,200,UP
2025-03-01 22:38:23,https://analitica.auvp.com.br/acoes/BMGB4,200,UP
2025-03-01 22:38:25,https://analitica.auvp.com.br/acoes/GUAR3,200,UP
2025-03-01 22:38:28,https://analitica.auvp.com.br/acoes/CSED3,200,UP
2025-03-01 22:38:30,https://analitica.auvp.com.br/acoes/ZAMP3,200,UP
2025-03-01 22:38:32,https://analitica.auvp.com.br/acoes/MYPK3,200,UP
2025-03-01 22:38:35,https://analitica.auvp.com.br/acoes/ENJU3,200,UP
2025-03-01 22:38:37,https://analitica.auvp.com.br/acoes/MELK3,200,UP
2025-03-01 22:38:39,https://analitica.auvp.com.br/acoes/POSI3,200,UP
2025-03-01 22:38:42,https://analitica.auvp.com.br/acoes/SAPR11,200,UP
2025-03-01 22:38:44,https://analitica.auvp.com.br/acoes/LOGG3,200,UP
2025-03-01 22:38:45,https://analitica.auvp.com.br/acoes/PNVL3,200,UP
2025-03-01 22:38:48,https://analitica.auvp.com.br/acoes/PORT3,200,UP
2025-03-01 22:38:50,https://analitica.auvp.com.br/acoes/PMAM3,200,UP
2025-03-01 22:38:52,https://analitica.auvp.com.br/acoes/LAND3,200,UP
2025-03-01 22:38:52,https://analitica.auvp.com.br/acoes/TUPY3,200,UP
2025-03-01 22:38:55,https://analitica.auvp.com.br/acoes/BOBR4,200,UP
2025-03-01 22:38:56,https://analitica.auvp.com.br/acoes/TRIS3,200,UP
2025-03-01 22:38:58,https://analitica.auvp.com.br/acoes/ITUB3,200,UP
2025-03-01 22:38:58,https://analitica.auvp.com.br/acoes/SOJA3,200,UP
2025-03-01 22:39:00,https://analitica.auvp.com.br/acoes/BMGB4,200,UP
2025-03-01 22:39:01,https://analitica.auvp.com.br/acoes/DASA3,200,UP
2025-03-01 22:39:03,https://analitica.auvp.com.br/acoes/GUAR3,200,UP
2025-03-01 22:39:03,https://analitica.auvp.com.br/acoes/BRST3,200,UP
2025-03-01 22:39:05,https://analitica.auvp.com.br/acoes/CSED3,200,UP
2025-03-01 22:39:06,https://analitica.auvp.com.br/acoes/MDNE3,200,UP
2025-03-01 22:39:08,https://analitica.auvp.com.br/acoes/ZAMP3,200,UP
2025-03-01 22:39:10,https://analitica.auvp.com.br/acoes/MYPK3,200,UP
2025-03-01 22:39:12,https://analitica.auvp.com.br/acoes/ENJU3,200,UP
2025-03-01 22:39:14,https://analitica.auvp.com.br/acoes/MELK3,200,UP
2025-03-01 22:39:16,https://analitica.auvp.com.br/acoes/POSI3,200,UP
2025-03-01 22:39:18,https://analitica.auvp.com.br/acoes/SAPR11,200,UP
2025-03-01 22:39:20,https://analitica.auvp.com.br/acoes/LOGG3,200,UP
2025-03-01 22:39:22,https://analitica.auvp.com.br/acoes/PNVL3,200,UP
2025-03-01 22:39:24,https://analitica.auvp.com.br/acoes/PORT3,200,UP
2025-03-01 22:39:26,https://analitica.auvp.com.br/acoes/PMAM3,200,UP
2025-03-01 22:39:28,https://analitica.auvp.com.br/acoes/TUPY3,200,UP
2025-03-01 22:39:30,https://analitica.auvp.com.br/acoes/TRIS3,200,UP
2025-03-01 22:39:32,https://analitica.auvp.com.br/acoes/SOJA3,200,UP
2025-03-01 22:39:34,https://analitica.auvp.com.br/acoes/DASA3,200,UP
2025-03-01 22:39:36,https://analitica.auvp.com.br/acoes/BRST3,200,UP
2025-03-01 22:39:38,https://analitica.auvp.com.br/acoes/MDNE3,200,UP
2025-03-01 22:41:08,https://analitica.auvp.com.br/acoes/OPCT3,200,UP
2025-03-01 22:41:39,https://analitica.auvp.com.br/acoes/OPCT3,200,UP
2025-03-01 22:42:20,https://analitica.auvp.com.br/acoes/VITT3,200,UP
2025-03-01 22:42:23,https://analitica.auvp.com.br/acoes/JSLG3,200,UP
2025-03-01 22:42:24,https://analitica.auvp.com.br/acoes/SEQL3,200,UP
2025-03-01 22:42:26,https://analitica.auvp.com.br/acoes/BRBI11,200,UP
2025-03-01 22:42:29,https://analitica.auvp.com.br/acoes/HBOR3,200,UP
2025-03-01 22:42:41,https://analitica.auvp.com.br/acoes/TGMA3,200,UP
2025-03-01 22:42:43,https://analitica.auvp.com.br/acoes/VTRU3,200,UP
2025-03-01 22:42:45,https://analitica.auvp.com.br/acoes/HBRE3,200,UP
2025-03-01 22:42:47,https://analitica.auvp.com.br/acoes/AGXY3,200,UP
2025-03-01 22:42:49,https://analitica.auvp.com.br/acoes/PTBL3,200,UP
2025-03-01 22:42:51,https://analitica.auvp.com.br/acoes/AGRO3,200,UP
2025-03-01 22:42:53,https://analitica.auvp.com.br/acoes/LEVE3,200,UP
2025-03-01 22:42:56,https://analitica.auvp.com.br/acoes/SYNE3,200,UP
2025-03-01 22:42:58,https://analitica.auvp.com.br/acoes/ELMD3,200,UP
2025-03-01 22:43:00,https://analitica.auvp.com.br/acoes/PFRM3,200,UP
2025-03-01 22:43:03,https://analitica.auvp.com.br/acoes/AERI3,200,UP
2025-03-01 22:43:05,https://analitica.auvp.com.br/acoes/FESA4,200,UP
2025-03-01 22:43:07,https://analitica.auvp.com.br/acoes/WIZC3,200,UP
2025-03-01 22:43:09,https://analitica.auvp.com.br/acoes/SANB3,200,UP
2025-03-01 22:43:11,https://analitica.auvp.com.br/acoes/LUPA3,200,UP
2025-03-01 22:43:13,https://analitica.auvp.com.br/acoes/VLID3,200,UP
2025-03-01 22:43:15,https://analitica.auvp.com.br/acoes/TAEE4,200,UP
2025-03-01 22:43:17,https://analitica.auvp.com.br/acoes/BMOB3,200,UP
2025-03-01 22:43:19,https://analitica.auvp.com.br/acoes/ORVR3,200,UP
2025-03-01 22:43:21,https://analitica.auvp.com.br/acoes/MBLY3,200,UP
2025-03-01 22:43:23,https://analitica.auvp.com.br/acoes/LIGT3,200,UP
2025-03-01 22:43:25,https://analitica.auvp.com.br/acoes/TASA4,200,UP
2025-03-01 22:43:27,https://analitica.auvp.com.br/acoes/PRNR3,200,UP
2025-03-01 22:43:29,https://analitica.auvp.com.br/acoes/SHUL4,200,UP
2025-03-01 22:43:31,https://analitica.auvp.com.br/acoes/INEP4,200,UP
2025-03-01 22:43:33,https://analitica.auvp.com.br/acoes/RNEW11,200,UP
2025-03-01 22:43:36,https://analitica.auvp.com.br/acoes/USIM3,200,UP
2025-03-01 22:43:38,https://analitica.auvp.com.br/acoes/KLBN3,200,UP
2025-03-01 22:43:40,https://analitica.auvp.com.br/acoes/TFCO4,200,UP
2025-03-01 22:43:40,https://analitica.auvp.com.br/acoes/VITT3,200,UP
2025-03-01 22:43:42,https://analitica.auvp.com.br/acoes/AMAR3,200,UP
2025-03-01 22:43:44,https://analitica.auvp.com.br/acoes/BLAU3,200,UP
2025-03-01 22:43:47,https://analitica.auvp.com.br/acoes/ITSA3,200,UP
2025-03-01 22:43:49,https://analitica.auvp.com.br/acoes/PINE4,200,UP
2025-03-01 22:43:51,https://analitica.auvp.com.br/acoes/TECN3,200,UP
2025-03-01 22:43:53,https://analitica.auvp.com.br/acoes/FICT3,200,UP
2025-03-01 22:43:55,https://analitica.auvp.com.br/acoes/ALPK3,200,UP
2025-03-01 22:43:57,https://analitica.auvp.com.br/acoes/DESK3,200,UP
2025-03-01 22:43:59,https://analitica.auvp.com.br/acoes/SANB4,200,UP
2025-03-01 22:44:01,https://analitica.auvp.com.br/acoes/INEP3,200,UP
2025-03-01 22:44:04,https://analitica.auvp.com.br/acoes/TCSA3,200,UP
2025-03-01 22:44:05,https://analitica.auvp.com.br/acoes/TAEE3,200,UP
2025-03-01 22:44:08,https://analitica.auvp.com.br/acoes/MEAL3,200,UP
2025-03-01 22:44:09,https://analitica.auvp.com.br/acoes/ROMI3,200,UP
2025-03-01 22:44:12,https://analitica.auvp.com.br/acoes/SAPR3,200,UP
2025-03-01 22:44:14,https://analitica.auvp.com.br/acoes/AALR3,200,UP
2025-03-01 22:44:16,https://analitica.auvp.com.br/acoes/DEXP3,200,UP
2025-03-01 22:44:18,https://analitica.auvp.com.br/acoes/POMO3,200,UP
2025-03-01 22:44:20,https://analitica.auvp.com.br/acoes/UNIP6,200,UP
2025-03-01 22:44:22,https://analitica.auvp.com.br/acoes/ESPA3,200,UP
2025-03-01 22:44:24,https://analitica.auvp.com.br/acoes/LPSB3,200,UP
2025-03-01 22:44:26,https://analitica.auvp.com.br/acoes/AMBP3,200,UP
2025-03-01 22:44:28,https://analitica.auvp.com.br/acoes/CAMB3,200,UP
2025-03-01 22:44:30,https://analitica.auvp.com.br/acoes/CMIG3,200,UP
2025-03-01 22:44:32,https://analitica.auvp.com.br/acoes/DMVF3,200,UP
2025-03-01 22:44:34,https://analitica.auvp.com.br/acoes/RSID3,200,UP
2025-03-01 22:44:37,https://analitica.auvp.com.br/acoes/EUCA4,200,UP
2025-03-01 22:44:38,https://analitica.auvp.com.br/acoes/JSLG3,200,UP
2025-03-01 22:44:40,https://analitica.auvp.com.br/acoes/SEQL3,200,UP
2025-03-01 22:44:42,https://analitica.auvp.com.br/acoes/BRBI11,200,UP
2025-03-01 22:44:43,https://analitica.auvp.com.br/acoes/ALLD3,200,UP
2025-03-01 22:44:44,https://analitica.auvp.com.br/acoes/HBOR3,200,UP
2025-03-01 22:44:46,https://analitica.auvp.com.br/acoes/GOAU3,200,UP
2025-03-01 22:44:48,https://analitica.auvp.com.br/acoes/IGTI3,200,UP
2025-03-01 22:44:50,https://analitica.auvp.com.br/acoes/IGTI3,200,UP
2025-03-01 22:44:52,https://analitica.auvp.com.br/acoes/ETER3,200,UP
2025-03-01 22:44:54,https://analitica.auvp.com.br/acoes/VIVR3,200,UP
2025-03-01 22:44:56,https://analitica.auvp.com.br/acoes/CSUD3,200,UP
2025-03-01 22:44:57,https://analitica.auvp.com.br/acoes/TGMA3,200,UP
2025-03-01 22:44:59,https://analitica.auvp.com.br/acoes/UCAS3,200,UP
2025-03-01 22:45:00,https://analitica.auvp.com.br/acoes/VTRU3,200,UP
2025-03-01 22:45:01,https://analitica.auvp.com.br/acoes/LOGN3,200,UP
2025-03-01 22:45:02,https://analitica.auvp.com.br/acoes/HBRE3,200,UP
2025-03-01 22:45:04,https://analitica.auvp.com.br/acoes/SHOW3,200,UP
2025-03-01 22:45:04,https://analitica.auvp.com.br/acoes/AGXY3,200,UP
2025-03-01 22:45:07,https://analitica.auvp.com.br/acoes/PTBL3,200,UP
2025-03-01 22:45:07,https://analitica.auvp.com.br/acoes/FHER3,200,UP
2025-03-01 22:45:10,https://analitica.auvp.com.br/acoes/AGRO3,200,UP
2025-03-01 22:45:11,https://analitica.auvp.com.br/acoes/BRAP3,200,UP
2025-03-01 22:45:12,https://analitica.auvp.com.br/acoes/LEVE3,200,UP
2025-03-01 22:45:13,https://analitica.auvp.com.br/acoes/CEBR5,200,UP
2025-03-01 22:45:16,https://analitica.auvp.com.br/acoes/SYNE3,200,UP
2025-03-01 22:45:16,https://analitica.auvp.com.br/acoes/KRSA3,200,UP
2025-03-01 22:45:18,https://analitica.auvp.com.br/acoes/NGRD3,200,UP
2025-03-01 22:45:18,https://analitica.auvp.com.br/acoes/ELMD3,200,UP
2025-03-01 22:45:21,https://analitica.auvp.com.br/acoes/TRAD3,200,UP
2025-03-01 22:45:24,https://analitica.auvp.com.br/acoes/AERI3,200,UP
2025-03-01 22:45:24,https://analitica.auvp.com.br/acoes/GGBR3,200,UP
2025-03-01 22:45:26,https://analitica.auvp.com.br/acoes/FESA4,200,UP
2025-03-01 22:45:26,https://analitica.auvp.com.br/acoes/DOTZ3,200,UP
2025-03-01 22:45:29,https://analitica.auvp.com.br/acoes/WIZC3,200,UP
2025-03-01 22:45:29,https://analitica.auvp.com.br/acoes/PDTC3,200,UP
2025-03-01 22:45:31,https://analitica.auvp.com.br/acoes/SANB3,200,UP
2025-03-01 22:45:32,https://analitica.auvp.com.br/acoes/ALPA3,200,UP
2025-03-01 22:45:34,https://analitica.auvp.com.br/acoes/LUPA3,200,UP
2025-03-01 22:45:35,https://analitica.auvp.com.br/acoes/TPIS3,200,UP
2025-03-01 22:45:36,https://analitica.auvp.com.br/acoes/VLID3,200,UP
2025-03-01 22:45:38,https://analitica.auvp.com.br/acoes/COCE5,200,UP
2025-03-01 22:45:39,https://analitica.auvp.com.br/acoes/TAEE4,200,UP
2025-03-01 22:45:42,https://analitica.auvp.com.br/acoes/BIOM3,200,UP
2025-03-01 22:45:42,https://analitica.auvp.com.br/acoes/BMOB3,200,UP
2025-03-01 22:45:44,https://analitica.auvp.com.br/acoes/ORVR3,200,UP
2025-03-01 22:45:45,https://analitica.auvp.com.br/acoes/BRKM3,200,UP
2025-03-01 22:45:47,https://analitica.auvp.com.br/acoes/MBLY3,200,UP
2025-03-01 22:45:48,https://analitica.auvp.com.br/acoes/HAGA4,200,UP
2025-03-01 22:45:49,https://analitica.auvp.com.br/acoes/LIGT3,200,UP
2025-03-01 22:45:51,https://analitica.auvp.com.br/acoes/ALUP4,200,UP
2025-03-01 22:45:52,https://analitica.auvp.com.br/acoes/TASA4,200,UP
2025-03-01 22:45:53,https://analitica.auvp.com.br/acoes/PINE3,200,UP
2025-03-01 22:45:54,https://analitica.auvp.com.br/acoes/PRNR3,200,UP
2025-03-01 22:45:56,https://analitica.auvp.com.br/acoes/EQPA3,200,UP
2025-03-01 22:45:57,https://analitica.auvp.com.br/acoes/SHUL4,200,UP
2025-03-01 22:46:00,https://analitica.auvp.com.br/acoes/WHRL4,200,UP
2025-03-01 22:46:00,https://analitica.auvp.com.br/acoes/INEP4,200,UP
2025-03-01 22:46:03,https://analitica.auvp.com.br/acoes/RNEW11,200,UP
2025-03-01 22:46:03,https://analitica.auvp.com.br/acoes/RAPT3,200,UP
2025-03-01 22:46:06,https://analitica.auvp.com.br/acoes/USIM3,200,UP
2025-03-01 22:46:06,https://analitica.auvp.com.br/acoes/BMEB4,200,UP
2025-03-01 22:46:08,https://analitica.auvp.com.br/acoes/KLBN3,200,UP
2025-03-01 22:46:08,https://analitica.auvp.com.br/acoes/BEES4,200,UP
2025-03-01 22:46:10,https://analitica.auvp.com.br/acoes/TFCO4,200,UP
2025-03-01 22:46:11,https://analitica.auvp.com.br/acoes/SCAR3,200,UP
2025-03-01 22:46:12,https://analitica.auvp.com.br/acoes/AMAR3,200,UP
2025-03-01 22:46:14,https://analitica.auvp.com.br/acoes/TELB4,200,UP
2025-03-01 22:46:14,https://analitica.auvp.com.br/acoes/BLAU3,200,UP
2025-03-01 22:46:17,https://analitica.auvp.com.br/acoes/ENGI4,200,UP
2025-03-01 22:46:17,https://analitica.auvp.com.br/acoes/ITSA3,200,UP
2025-03-01 22:46:20,https://analitica.auvp.com.br/acoes/AZEV11,200,UP
2025-03-01 22:46:20,https://analitica.auvp.com.br/acoes/PINE4,200,UP
2025-03-01 22:46:22,https://analitica.auvp.com.br/acoes/TECN3,200,UP
2025-03-01 22:46:24,https://analitica.auvp.com.br/acoes/FICT3,200,UP
2025-03-01 22:46:26,https://analitica.auvp.com.br/acoes/ALPK3,200,UP
2025-03-01 22:46:27,https://analitica.auvp.com.br/acoes/DESK3,200,UP
2025-03-01 22:46:29,https://analitica.auvp.com.br/acoes/SANB4,200,UP
2025-03-01 22:46:32,https://analitica.auvp.com.br/acoes/CEBR6,200,UP
2025-03-01 22:46:32,https://analitica.auvp.com.br/acoes/INEP3,200,UP
2025-03-01 22:46:34,https://analitica.auvp.com.br/acoes/TCSA3,200,UP
2025-03-01 22:46:34,https://analitica.auvp.com.br/acoes/BEES3,200,UP
2025-03-01 22:46:37,https://analitica.auvp.com.br/acoes/TAEE3,200,UP
2025-03-01 22:46:37,https://analitica.auvp.com.br/acoes/ALUP3,200,UP
2025-03-01 22:46:40,https://analitica.auvp.com.br/acoes/MEAL3,200,UP
2025-03-01 22:46:40,https://analitica.auvp.com.br/acoes/CEBR3,200,UP
2025-03-01 22:46:43,https://analitica.auvp.com.br/acoes/ROMI3,200,UP
2025-03-01 22:46:44,https://analitica.auvp.com.br/acoes/BRSR3,200,UP
2025-03-01 22:46:45,https://analitica.auvp.com.br/acoes/SAPR3,200,UP
2025-03-01 22:46:46,https://analitica.auvp.com.br/acoes/BPAC5,200,UP
2025-03-01 22:46:48,https://analitica.auvp.com.br/acoes/AALR3,200,UP
2025-03-01 22:46:49,https://analitica.auvp.com.br/acoes/MNPR3,200,UP
2025-03-01 22:46:51,https://analitica.auvp.com.br/acoes/DEXP3,200,UP
2025-03-01 22:46:52,https://analitica.auvp.com.br/acoes/PTNT4,200,UP
2025-03-01 22:46:54,https://analitica.auvp.com.br/acoes/POMO3,200,UP
2025-03-01 22:46:55,https://analitica.auvp.com.br/acoes/RDNI3,200,UP
2025-03-01 22:46:56,https://analitica.auvp.com.br/acoes/UNIP6,200,UP
2025-03-01 22:46:58,https://analitica.auvp.com.br/acoes/UNIP3,200,UP
2025-03-01 22:46:59,https://analitica.auvp.com.br/acoes/ESPA3,200,UP
2025-03-01 22:47:01,https://analitica.auvp.com.br/acoes/LPSB3,200,UP
2025-03-01 22:47:02,https://analitica.auvp.com.br/acoes/TELB3,200,UP
2025-03-01 22:47:03,https://analitica.auvp.com.br/acoes/AMBP3,200,UP
2025-03-01 22:47:04,https://analitica.auvp.com.br/acoes/LVTC3,200,UP
2025-03-01 22:47:06,https://analitica.auvp.com.br/acoes/CAMB3,200,UP
2025-03-01 22:47:07,https://analitica.auvp.com.br/acoes/BMIN4,200,UP
2025-03-01 22:47:08,https://analitica.auvp.com.br/acoes/CMIG3,200,UP
2025-03-01 22:47:09,https://analitica.auvp.com.br/acoes/ATMP3,200,UP
2025-03-01 22:47:10,https://analitica.auvp.com.br/acoes/DMVF3,200,UP
2025-03-01 22:47:12,https://analitica.auvp.com.br/acoes/GEPA4,200,UP
2025-03-01 22:47:13,https://analitica.auvp.com.br/acoes/RSID3,200,UP
2025-03-01 22:47:14,https://analitica.auvp.com.br/acoes/CTKA4,200,UP
2025-03-01 22:47:15,https://analitica.auvp.com.br/acoes/EUCA4,200,UP
2025-03-01 22:47:17,https://analitica.auvp.com.br/acoes/TASA3,200,UP
2025-03-01 22:47:19,https://analitica.auvp.com.br/acoes/ALLD3,200,UP
2025-03-01 22:47:20,https://analitica.auvp.com.br/acoes/EPAR3,200,UP
2025-03-01 22:47:23,https://analitica.auvp.com.br/acoes/GOAU3,200,UP
2025-03-01 22:47:23,https://analitica.auvp.com.br/acoes/MTSA4,200,UP
2025-03-01 22:47:26,https://analitica.auvp.com.br/acoes/RPMG3,200,UP
2025-03-01 22:47:26,https://analitica.auvp.com.br/acoes/IGTI3,200,UP
2025-03-01 22:47:28,https://analitica.auvp.com.br/acoes/AMAR11,200,UP
2025-03-01 22:47:28,https://analitica.auvp.com.br/acoes/IGTI3,200,UP
2025-03-01 22:47:30,https://analitica.auvp.com.br/acoes/ETER3,200,UP
2025-03-01 22:47:32,https://analitica.auvp.com.br/acoes/VIVR3,200,UP
2025-03-01 22:47:34,https://analitica.auvp.com.br/acoes/CSUD3,200,UP
2025-03-01 22:47:36,https://analitica.auvp.com.br/acoes/UCAS3,200,UP
2025-03-01 22:47:38,https://analitica.auvp.com.br/acoes/LOGN3,200,UP
2025-03-01 22:47:40,https://analitica.auvp.com.br/acoes/SHOW3,200,UP
2025-03-01 22:47:40,https://analitica.auvp.com.br/acoes/EALT4,200,UP
2025-03-01 22:47:43,https://analitica.auvp.com.br/acoes/FHER3,200,UP
2025-03-01 22:47:43,https://analitica.auvp.com.br/acoes/ISAE3,200,UP
2025-03-01 22:47:46,https://analitica.auvp.com.br/acoes/BRAP3,200,UP
2025-03-01 22:47:46,https://analitica.auvp.com.br/acoes/OFSA3,200,UP
2025-03-01 22:47:49,https://analitica.auvp.com.br/acoes/CEBR5,200,UP
2025-03-01 22:47:50,https://analitica.auvp.com.br/acoes/NUTR3,200,UP
2025-03-01 22:47:51,https://analitica.auvp.com.br/acoes/KRSA3,200,UP
2025-03-01 22:47:53,https://analitica.auvp.com.br/acoes/JFEN3,200,UP
2025-03-01 22:47:54,https://analitica.auvp.com.br/acoes/NGRD3,200,UP
2025-03-01 22:47:55,https://analitica.auvp.com.br/acoes/WHRL3,200,UP
2025-03-01 22:47:56,https://analitica.auvp.com.br/acoes/TRAD3,200,UP
2025-03-01 22:47:58,https://analitica.auvp.com.br/acoes/ENGI3,200,UP
2025-03-01 22:47:59,https://analitica.auvp.com.br/acoes/GGBR3,200,UP
2025-03-01 22:48:01,https://analitica.auvp.com.br/acoes/DOTZ3,200,UP
2025-03-01 22:48:02,https://analitica.auvp.com.br/acoes/OIBR4,200,UP
2025-03-01 22:48:03,https://analitica.auvp.com.br/acoes/PDTC3,200,UP
2025-03-01 22:48:05,https://analitica.auvp.com.br/acoes/BAZA3,200,UP
2025-03-01 22:48:05,https://analitica.auvp.com.br/acoes/ALPA3,200,UP
2025-03-01 22:48:07,https://analitica.auvp.com.br/acoes/MNDL3,200,UP
2025-03-01 22:48:08,https://analitica.auvp.com.br/acoes/TPIS3,200,UP
2025-03-01 22:48:10,https://analitica.auvp.com.br/acoes/CRPG5,200,UP
2025-03-01 22:48:11,https://analitica.auvp.com.br/acoes/COCE5,200,UP
2025-03-01 22:48:13,https://analitica.auvp.com.br/acoes/BIOM3,200,UP
2025-03-01 22:48:13,https://analitica.auvp.com.br/acoes/OSXB3,200,UP
2025-03-01 22:48:16,https://analitica.auvp.com.br/acoes/BRKM3,200,UP
2025-03-01 22:48:17,https://analitica.auvp.com.br/acoes/CTSA3,200,UP
2025-03-01 22:48:18,https://analitica.auvp.com.br/acoes/HAGA4,200,UP
2025-03-01 22:48:19,https://analitica.auvp.com.br/acoes/BPAC3,200,UP
2025-03-01 22:48:20,https://analitica.auvp.com.br/acoes/ALUP4,200,UP
2025-03-01 22:48:21,https://analitica.auvp.com.br/acoes/DEXP4,200,UP
2025-03-01 22:48:23,https://analitica.auvp.com.br/acoes/PINE3,200,UP
2025-03-01 22:48:24,https://analitica.auvp.com.br/acoes/WLMM4,200,UP
2025-03-01 22:48:26,https://analitica.auvp.com.br/acoes/EQPA3,200,UP
2025-03-01 22:48:27,https://analitica.auvp.com.br/acoes/EKTR4,200,UP
2025-03-01 22:48:28,https://analitica.auvp.com.br/acoes/WHRL4,200,UP
2025-03-01 22:48:30,https://analitica.auvp.com.br/acoes/PATI4,200,UP
2025-03-01 22:48:30,https://analitica.auvp.com.br/acoes/RAPT3,200,UP
2025-03-01 22:48:33,https://analitica.auvp.com.br/acoes/CPLE5,200,UP
2025-03-01 22:48:33,https://analitica.auvp.com.br/acoes/BMEB4,200,UP
2025-03-01 22:48:35,https://analitica.auvp.com.br/acoes/BEES4,200,UP
2025-03-01 22:48:36,https://analitica.auvp.com.br/acoes/CTSA4,200,UP
2025-03-01 22:48:37,https://analitica.auvp.com.br/acoes/SCAR3,200,UP
2025-03-01 22:48:39,https://analitica.auvp.com.br/acoes/BGIP4,200,UP
2025-03-01 22:48:40,https://analitica.auvp.com.br/acoes/TELB4,200,UP
2025-03-01 22:48:41,https://analitica.auvp.com.br/acoes/MGEL4,200,UP
2025-03-01 22:48:42,https://analitica.auvp.com.br/acoes/ENGI4,200,UP
2025-03-01 22:48:44,https://analitica.auvp.com.br/acoes/SNSY5,200,UP
2025-03-01 22:48:44,https://analitica.auvp.com.br/acoes/AZEV11,200,UP
2025-03-01 22:48:46,https://analitica.auvp.com.br/acoes/DOHL4,200,UP
2025-03-01 22:48:48,https://analitica.auvp.com.br/acoes/NEXP3,200,UP
2025-03-01 22:48:50,https://analitica.auvp.com.br/acoes/ESTR4,200,UP
2025-03-01 22:48:52,https://analitica.auvp.com.br/acoes/HAGA3,200,UP
2025-03-01 22:48:54,https://analitica.auvp.com.br/acoes/CLSC4,200,UP
2025-03-01 22:48:56,https://analitica.auvp.com.br/acoes/CEBR6,200,UP
2025-03-01 22:48:58,https://analitica.auvp.com.br/acoes/CEEB3,200,UP
2025-03-01 22:48:59,https://analitica.auvp.com.br/acoes/BEES3,200,UP
2025-03-01 22:49:00,https://analitica.auvp.com.br/acoes/CGRA4,200,UP
2025-03-01 22:49:01,https://analitica.auvp.com.br/acoes/ALUP3,200,UP
2025-03-01 22:49:02,https://analitica.auvp.com.br/acoes/WLMM3,200,UP
2025-03-01 22:49:04,https://analitica.auvp.com.br/acoes/CEBR3,200,UP
2025-03-01 22:49:05,https://analitica.auvp.com.br/acoes/AFLT3,200,UP
2025-03-01 22:49:06,https://analitica.auvp.com.br/acoes/BRSR3,200,UP
2025-03-01 22:49:08,https://analitica.auvp.com.br/acoes/CGAS5,200,UP
2025-03-01 22:49:10,https://analitica.auvp.com.br/acoes/BPAC5,200,UP
2025-03-01 22:49:12,https://analitica.auvp.com.br/acoes/UNIP5,200,UP
2025-03-01 22:49:12,https://analitica.auvp.com.br/acoes/MNPR3,200,UP
2025-03-01 22:49:14,https://analitica.auvp.com.br/acoes/PTNT4,200,UP
2025-03-01 22:49:14,https://analitica.auvp.com.br/acoes/MRSA5B,200,UP
2025-03-01 22:49:17,https://analitica.auvp.com.br/acoes/RDNI3,200,UP
2025-03-01 22:49:18,https://analitica.auvp.com.br/acoes/MRSA6B,200,UP
2025-03-01 22:49:20,https://analitica.auvp.com.br/acoes/UNIP3,200,UP
2025-03-01 22:49:21,https://analitica.auvp.com.br/acoes/CGRA3,200,UP
2025-03-01 22:49:22,https://analitica.auvp.com.br/acoes/TELB3,200,UP
2025-03-01 22:49:23,https://analitica.auvp.com.br/acoes/CEDO4,200,UP
2025-03-01 22:49:24,https://analitica.auvp.com.br/acoes/LVTC3,200,UP
2025-03-01 22:49:26,https://analitica.auvp.com.br/acoes/CRPG6,200,UP
2025-03-01 22:49:26,https://analitica.auvp.com.br/acoes/BMIN4,200,UP
2025-03-01 22:49:29,https://analitica.auvp.com.br/acoes/EUCA3,200,UP
2025-03-01 22:49:29,https://analitica.auvp.com.br/acoes/ATMP3,200,UP
2025-03-01 22:49:31,https://analitica.auvp.com.br/acoes/GEPA4,200,UP
2025-03-01 22:49:33,https://analitica.auvp.com.br/acoes/WEST3,200,UP
2025-03-01 22:49:33,https://analitica.auvp.com.br/acoes/CTKA4,200,UP
2025-03-01 22:49:35,https://analitica.auvp.com.br/acoes/TASA3,200,UP
2025-03-01 22:49:36,https://analitica.auvp.com.br/acoes/HOOT4,200,UP
2025-03-01 22:49:38,https://analitica.auvp.com.br/acoes/EPAR3,200,UP
2025-03-01 22:49:39,https://analitica.auvp.com.br/acoes/PEAB4,200,UP
2025-03-01 22:49:41,https://analitica.auvp.com.br/acoes/MTSA4,200,UP
2025-03-01 22:49:43,https://analitica.auvp.com.br/acoes/PEAB3,200,UP
2025-03-01 22:49:43,https://analitica.auvp.com.br/acoes/RPMG3,200,UP
2025-03-01 22:49:45,https://analitica.auvp.com.br/acoes/AMAR11,200,UP
2025-03-01 22:49:45,https://analitica.auvp.com.br/acoes/AHEB3,200,UP
2025-03-01 22:49:47,https://analitica.auvp.com.br/acoes/PATI3,200,UP
2025-03-01 22:49:49,https://analitica.auvp.com.br/acoes/EQMA3B,200,UP
2025-03-01 22:49:52,https://analitica.auvp.com.br/acoes/PTNT3,200,UP
2025-03-01 22:49:54,https://analitica.auvp.com.br/acoes/RPAD5,200,UP
2025-03-01 22:49:56,https://analitica.auvp.com.br/acoes/EALT4,200,UP
2025-03-01 22:49:56,https://analitica.auvp.com.br/acoes/BMKS3,200,UP
2025-03-01 22:50:00,https://analitica.auvp.com.br/acoes/ISAE3,200,UP
2025-03-01 22:50:00,https://analitica.auvp.com.br/acoes/PPLA11,200,UP
2025-03-01 22:50:02,https://analitica.auvp.com.br/acoes/OFSA3,200,UP
2025-03-01 22:50:02,https://analitica.auvp.com.br/acoes/VSTE3,200,UP
2025-03-01 22:50:04,https://analitica.auvp.com.br/acoes/NUTR3,200,UP
2025-03-01 22:50:05,https://analitica.auvp.com.br/acoes/EMAE4,200,UP
2025-03-01 22:50:06,https://analitica.auvp.com.br/acoes/JFEN3,200,UP
2025-03-01 22:50:08,https://analitica.auvp.com.br/acoes/SNSY3,200,UP
2025-03-01 22:50:09,https://analitica.auvp.com.br/acoes/WHRL3,200,UP
2025-03-01 22:50:10,https://analitica.auvp.com.br/acoes/BSLI4,200,UP
2025-03-01 22:50:11,https://analitica.auvp.com.br/acoes/ENGI3,200,UP
2025-03-01 22:50:13,https://analitica.auvp.com.br/acoes/AVLL3,200,UP
2025-03-01 22:50:13,https://analitica.auvp.com.br/acoes/OIBR4,200,UP
2025-03-01 22:50:15,https://analitica.auvp.com.br/acoes/BSLI3,200,UP
2025-03-01 22:50:16,https://analitica.auvp.com.br/acoes/BAZA3,200,UP
2025-03-01 22:50:17,https://analitica.auvp.com.br/acoes/NORD3,200,UP
2025-03-01 22:50:19,https://analitica.auvp.com.br/acoes/MNDL3,200,UP
2025-03-01 22:50:20,https://analitica.auvp.com.br/acoes/RPAD3,200,UP
2025-03-01 22:50:21,https://analitica.auvp.com.br/acoes/CRPG5,200,UP
2025-03-01 22:50:23,https://analitica.auvp.com.br/acoes/OSXB3,200,UP
2025-03-01 22:50:23,https://analitica.auvp.com.br/acoes/IGTI4,200,UP
2025-03-01 22:50:26,https://analitica.auvp.com.br/acoes/IGTI4,200,UP
2025-03-01 22:50:26,https://analitica.auvp.com.br/acoes/CTSA3,200,UP
2025-03-01 22:50:28,https://analitica.auvp.com.br/acoes/BPAC3,200,UP
2025-03-01 22:50:29,https://analitica.auvp.com.br/acoes/BNBR3,200,UP
2025-03-01 22:50:30,https://analitica.auvp.com.br/acoes/DEXP4,200,UP
2025-03-01 22:50:32,https://analitica.auvp.com.br/acoes/RSUL4,200,UP
2025-03-01 22:50:34,https://analitica.auvp.com.br/acoes/WLMM4,200,UP
2025-03-01 22:50:35,https://analitica.auvp.com.br/acoes/FRIO3,200,UP
2025-03-01 22:50:37,https://analitica.auvp.com.br/acoes/EKTR4,200,UP
2025-03-01 22:50:38,https://analitica.auvp.com.br/acoes/CGAS3,200,UP
2025-03-01 22:50:39,https://analitica.auvp.com.br/acoes/PATI4,200,UP
2025-03-01 22:50:41,https://analitica.auvp.com.br/acoes/BALM3,200,UP
2025-03-01 22:50:41,https://analitica.auvp.com.br/acoes/CPLE5,200,UP
2025-03-01 22:50:43,https://analitica.auvp.com.br/acoes/MWET4,200,UP
2025-03-01 22:50:44,https://analitica.auvp.com.br/acoes/CTSA4,200,UP
2025-03-01 22:50:45,https://analitica.auvp.com.br/acoes/REDE3,200,UP
2025-03-01 22:50:47,https://analitica.auvp.com.br/acoes/BGIP4,200,UP
2025-03-01 22:50:48,https://analitica.auvp.com.br/acoes/BIOM11,200,UP
2025-03-01 22:50:49,https://analitica.auvp.com.br/acoes/MGEL4,200,UP
2025-03-01 22:50:51,https://analitica.auvp.com.br/acoes/SNSY5,200,UP
2025-03-01 22:50:53,https://analitica.auvp.com.br/acoes/DOHL4,200,UP
2025-03-01 22:50:55,https://analitica.auvp.com.br/acoes/NEXP3,200,UP
2025-03-01 22:50:57,https://analitica.auvp.com.br/acoes/ESTR4,200,UP
2025-03-01 22:51:00,https://analitica.auvp.com.br/acoes/HAGA3,200,UP
2025-03-01 22:51:00,https://analitica.auvp.com.br/acoes/FESA3,200,UP
2025-03-01 22:51:02,https://analitica.auvp.com.br/acoes/CLSC4,200,UP
2025-03-01 22:51:03,https://analitica.auvp.com.br/acoes/EALT3,200,UP
2025-03-01 22:51:05,https://analitica.auvp.com.br/acoes/CEEB3,200,UP
2025-03-01 22:51:06,https://analitica.auvp.com.br/acoes/SOND5,200,UP
2025-03-01 22:51:08,https://analitica.auvp.com.br/acoes/CGRA4,200,UP
2025-03-01 22:51:09,https://analitica.auvp.com.br/acoes/BMEB3,200,UP
2025-03-01 22:51:10,https://analitica.auvp.com.br/acoes/WLMM3,200,UP
2025-03-01 22:51:11,https://analitica.auvp.com.br/acoes/BMIN3,200,UP
2025-03-01 22:51:12,https://analitica.auvp.com.br/acoes/AFLT3,200,UP
2025-03-01 22:51:14,https://analitica.auvp.com.br/acoes/GPAR3,200,UP
2025-03-01 22:51:15,https://analitica.auvp.com.br/acoes/CGAS5,200,UP
2025-03-01 22:51:16,https://analitica.auvp.com.br/acoes/FIEI3,200,UP
2025-03-01 22:51:17,https://analitica.auvp.com.br/acoes/UNIP5,200,UP
2025-03-01 22:51:18,https://analitica.auvp.com.br/acoes/MAPT3,200,UP
2025-03-01 22:51:20,https://analitica.auvp.com.br/acoes/MRSA5B,200,UP
2025-03-01 22:51:21,https://analitica.auvp.com.br/acoes/RPAD6,200,UP
2025-03-01 22:51:21,https://analitica.auvp.com.br/acoes/MRSA6B,200,UP
2025-03-01 22:51:24,https://analitica.auvp.com.br/acoes/MRSA3B,200,UP
2025-03-01 22:51:24,https://analitica.auvp.com.br/acoes/CGRA3,200,UP
2025-03-01 22:51:26,https://analitica.auvp.com.br/acoes/CEDO4,200,UP
2025-03-01 22:51:26,https://analitica.auvp.com.br/acoes/CTKA3,200,UP
2025-03-01 22:51:29,https://analitica.auvp.com.br/acoes/CRPG6,200,UP
2025-03-01 22:51:29,https://analitica.auvp.com.br/acoes/MERC4,200,UP
2025-03-01 22:51:31,https://analitica.auvp.com.br/acoes/EUCA3,200,UP
2025-03-01 22:51:32,https://analitica.auvp.com.br/acoes/CBEE3,200,UP
2025-03-01 22:51:35,https://analitica.auvp.com.br/acoes/BDLL4,200,UP
2025-03-01 22:51:36,https://analitica.auvp.com.br/acoes/WEST3,200,UP
2025-03-01 22:51:38,https://analitica.auvp.com.br/acoes/TKNO4,200,UP
2025-03-01 22:51:40,https://analitica.auvp.com.br/acoes/HOOT4,200,UP
2025-03-01 22:51:41,https://analitica.auvp.com.br/acoes/BAUH4,200,UP
2025-03-01 22:51:43,https://analitica.auvp.com.br/acoes/PEAB4,200,UP
2025-03-01 22:51:44,https://analitica.auvp.com.br/acoes/HBTS5,200,UP
2025-03-01 22:51:45,https://analitica.auvp.com.br/acoes/PEAB3,200,UP
2025-03-01 22:51:47,https://analitica.auvp.com.br/acoes/BDLL3,200,UP
2025-03-01 22:51:48,https://analitica.auvp.com.br/acoes/AHEB3,200,UP
2025-03-01 22:51:50,https://analitica.auvp.com.br/acoes/PLAS3,200,UP
2025-03-01 22:51:50,https://analitica.auvp.com.br/acoes/PATI3,200,UP
2025-03-01 22:51:52,https://analitica.auvp.com.br/acoes/TEKA4,200,UP
2025-03-01 22:51:53,https://analitica.auvp.com.br/acoes/EQMA3B,200,UP
2025-03-01 22:51:55,https://analitica.auvp.com.br/acoes/CEDO3,200,UP
2025-03-01 22:51:55,https://analitica.auvp.com.br/acoes/PTNT3,200,UP
2025-03-01 22:51:57,https://analitica.auvp.com.br/acoes/RPAD5,200,UP
2025-03-01 22:51:58,https://analitica.auvp.com.br/acoes/DOHL3,200,UP
2025-03-01 22:52:00,https://analitica.auvp.com.br/acoes/BMKS3,200,UP
2025-03-01 22:52:01,https://analitica.auvp.com.br/acoes/BGIP3,200,UP
2025-03-01 22:52:02,https://analitica.auvp.com.br/acoes/PPLA11,200,UP
2025-03-01 22:52:04,https://analitica.auvp.com.br/acoes/DTCY3,200,UP
2025-03-01 22:52:04,https://analitica.auvp.com.br/acoes/VSTE3,200,UP
2025-03-01 22:52:06,https://analitica.auvp.com.br/acoes/LIPR3,200,UP
2025-03-01 22:52:07,https://analitica.auvp.com.br/acoes/EMAE4,200,UP
2025-03-01 22:52:08,https://analitica.auvp.com.br/acoes/GEPA3,200,UP
2025-03-01 22:52:09,https://analitica.auvp.com.br/acoes/SNSY3,200,UP
2025-03-01 22:52:11,https://analitica.auvp.com.br/acoes/BRKM6,200,UP
2025-03-01 22:52:12,https://analitica.auvp.com.br/acoes/BSLI4,200,UP
2025-03-01 22:52:13,https://analitica.auvp.com.br/acoes/PSVM11,200,UP
2025-03-01 22:52:15,https://analitica.auvp.com.br/acoes/AVLL3,200,UP
2025-03-01 22:52:17,https://analitica.auvp.com.br/acoes/BSLI3,200,UP
2025-03-01 22:52:18,https://analitica.auvp.com.br/acoes/NORD3,200,UP
2025-03-01 22:52:21,https://analitica.auvp.com.br/acoes/RPAD3,200,UP
2025-03-01 22:52:23,https://analitica.auvp.com.br/acoes/IGTI4,200,UP
2025-03-01 22:52:25,https://analitica.auvp.com.br/acoes/IGTI4,200,UP
2025-03-01 22:52:26,https://analitica.auvp.com.br/acoes/COCE3,200,UP
2025-03-01 22:52:27,https://analitica.auvp.com.br/acoes/BNBR3,200,UP
2025-03-01 22:52:29,https://analitica.auvp.com.br/acoes/ENMT3,200,UP
2025-03-01 22:52:29,https://analitica.auvp.com.br/acoes/RSUL4,200,UP
2025-03-01 22:52:31,https://analitica.auvp.com.br/acoes/BALM4,200,UP
2025-03-01 22:52:32,https://analitica.auvp.com.br/acoes/FRIO3,200,UP
2025-03-01 22:52:34,https://analitica.auvp.com.br/acoes/CGAS3,200,UP
2025-03-01 22:52:35,https://analitica.auvp.com.br/acoes/TKNO3,200,UP
2025-03-01 22:52:36,https://analitica.auvp.com.br/acoes/BALM3,200,UP
2025-03-01 22:52:38,https://analitica.auvp.com.br/acoes/HETA4,200,UP
2025-03-01 22:52:38,https://analitica.auvp.com.br/acoes/MWET4,200,UP
2025-03-01 22:52:40,https://analitica.auvp.com.br/acoes/LUXM4,200,UP
2025-03-01 22:52:41,https://analitica.auvp.com.br/acoes/REDE3,200,UP
2025-03-01 22:52:43,https://analitica.auvp.com.br/acoes/CLSC3,200,UP
2025-03-01 22:52:43,https://analitica.auvp.com.br/acoes/BIOM11,200,UP
2025-03-01 22:52:55,https://analitica.auvp.com.br/acoes/FESA3,200,UP
2025-03-01 22:52:57,https://analitica.auvp.com.br/acoes/EALT3,200,UP
2025-03-01 22:52:58,https://analitica.auvp.com.br/acoes/SOND5,200,UP
2025-03-01 22:53:00,https://analitica.auvp.com.br/acoes/BMEB3,200,UP
2025-03-01 22:53:03,https://analitica.auvp.com.br/acoes/BMIN3,200,UP
2025-03-01 22:53:05,https://analitica.auvp.com.br/acoes/GPAR3,200,UP
2025-03-01 22:53:06,https://analitica.auvp.com.br/acoes/FIEI3,200,UP
2025-03-01 22:53:08,https://analitica.auvp.com.br/acoes/MAPT3,200,UP
2025-03-01 22:53:10,https://analitica.auvp.com.br/acoes/RPAD6,200,UP
2025-03-01 22:53:12,https://analitica.auvp.com.br/acoes/MRSA3B,200,UP
2025-03-01 22:53:14,https://analitica.auvp.com.br/acoes/CTKA3,200,UP
2025-03-01 22:53:16,https://analitica.auvp.com.br/acoes/MERC4,200,UP
2025-03-01 22:53:18,https://analitica.auvp.com.br/acoes/CBEE3,200,UP
2025-03-01 22:53:20,https://analitica.auvp.com.br/acoes/BDLL4,200,UP
2025-03-01 22:53:22,https://analitica.auvp.com.br/acoes/TKNO4,200,UP
2025-03-01 22:53:24,https://analitica.auvp.com.br/acoes/BAUH4,200,UP
2025-03-01 22:53:26,https://analitica.auvp.com.br/acoes/HBTS5,200,UP
2025-03-01 22:53:28,https://analitica.auvp.com.br/acoes/BDLL3,200,UP
2025-03-01 22:53:30,https://analitica.auvp.com.br/acoes/PLAS3,200,UP
2025-03-01 22:53:33,https://analitica.auvp.com.br/acoes/TEKA4,200,UP
2025-03-01 22:53:35,https://analitica.auvp.com.br/acoes/CEDO3,200,UP
2025-03-01 22:53:38,https://analitica.auvp.com.br/acoes/DOHL3,200,UP
2025-03-01 22:53:40,https://analitica.auvp.com.br/acoes/BGIP3,200,UP
2025-03-01 22:53:42,https://analitica.auvp.com.br/acoes/DTCY3,200,UP
2025-03-01 22:53:44,https://analitica.auvp.com.br/acoes/LIPR3,200,UP
2025-03-01 22:53:46,https://analitica.auvp.com.br/acoes/GEPA3,200,UP
2025-03-01 22:53:48,https://analitica.auvp.com.br/acoes/BRKM6,200,UP
2025-03-01 22:53:49,https://analitica.auvp.com.br/acoes/PSVM11,200,UP
2025-03-01 22:54:01,https://analitica.auvp.com.br/acoes/COCE3,200,UP
2025-03-01 22:54:03,https://analitica.auvp.com.br/acoes/ENMT3,200,UP
2025-03-01 22:54:05,https://analitica.auvp.com.br/acoes/BALM4,200,UP
2025-03-01 22:54:07,https://analitica.auvp.com.br/acoes/TKNO3,200,UP
2025-03-01 22:54:09,https://analitica.auvp.com.br/acoes/HETA4,200,UP
2025-03-01 22:54:11,https://analitica.auvp.com.br/acoes/LUXM4,200,UP
2025-03-01 22:54:13,https://analitica.auvp.com.br/acoes/CLSC3,200,UP
